uniqueID,year_not_cover,souce_type,publist_source
0_1,NA,google scholar certified,https://scholar.google.com/citations?hl=zh-CN&user=x_DKmxoAAAAJ&view_op=list_works&sortby=pubdate
0_10,NA,researchgate,https://www.researchgate.net/profile/Yan-Li-8/publications
0_100,NA,google scholar certified,https://scholar.google.co.uk/citations?hl=en&user=5_9jk8AAAAAJ&view_op=list_works&sortby=pubdate
0_101,NA,lab,https://www.polyu.edu.hk/researchgrp/zzheng/publications.html
0_102,NA,google scholar certified,https://scholar.google.com/citations?hl=en&user=ALK59sMAAAAJ&view_op=list_works&sortby=pubdate
0_103,NA,personal website,https://dental.buffalo.edu/faculty/home.html?ubit=dingxu
0_104,NA,lab,http://haolab.ucsd.edu/papers.html
0_107,NA,personal website,https://mdanderson.elsevierpure.com/en/persons/yiwen-chen/publications/
0_108,NA,lab,https://caolabumd.com/publications/
0_11,NA,google scholar certified,https://scholar.google.com/citations?hl=en&user=BVWpqa8AAAAJ&view_op=list_works&sortby=pubdate
0_110,NA,lab,https://www.zhalab.org/publications
0_111,NA,personal website,http://cis.hku.hk/publication.html
0_113,NA,google scholar certified,https://scholar.google.com/citations?hl=en&user=0CwBXFUAAAAJ&view_op=list_works&sortby=pubdate
0_114,NA,google scholar certified,https://scholar.google.com/citations?hl=zh-CN&user=QgJlaX0AAAAJ&view_op=list_works&sortby=pubdate
0_115,NA,researchgate,https://www.researchgate.net/profile/Jun-Liao-3/publications
0_116,NA,personal website,https://mcb.arizona.edu/profile/guang-yao
0_117,NA,personal website,https://utsouthwestern.pure.elsevier.com/en/persons/ning-liu
0_119,NA,lab,https://wanglab.hosted.uark.edu/
0_12,NA,google scholar certified,https://scholar.google.com/citations?hl=en&user=m6gRS4oAAAAJ&view_op=list_works&sortby=pubdate
0_120,NA,lab,https://www.taoyelab.org/publications
0_122,NA,google scholar certified,https://scholar.google.com/citations?hl=en&user=6jaPDHEAAAAJ&view_op=list_works&sortby=pubdate
0_123,NA,personal website,https://profiles.ucsf.edu/wei.zhou
0_124,NA,publons,https://publons.com/researcher/2568413/yizhe-tang/publications/
0_126,NA,personal website,https://uh.edu/pharmacy/directory-home/pps-faculty/xinli-liu/
0_128,NA,personal website,https://www.sydney.edu.au/science/about/our-people/academic-staff/zhou-zhang.html
0_129,NA,personal website,https://www.math.ucdavis.edu/~fuliu/research.html#pubs
0_13,NA,google scholar certified,https://scholar.google.com/citations?hl=zh-CN&user=BIChV30AAAAJ&view_op=list_works&sortby=pubdate
0_130,NA,lab,https://personal.ntu.edu.sg/blzhang/group.html
0_131,NA,personal website,math.uci.edu/~lxiao/
0_137,NA,lab,https://nilab.physics.ucla.edu/
0_138,NA,google scholar certified,https://scholar.google.com/citations?user=lpUKjTAAAAAJ&hl=en
0_139,NA,google scholar certified,https://scholar.google.com/citations?user=h3UMC0EAAAAJ&hl=en
0_14,NA,lab,https://nanowave.ucr.edu/team
0_140,NA,google scholar certified,https://scholar.google.com/citations?user=zWtjCMwAAAAJ&hl=en
0_141,NA,google scholar certified,https://scholar.google.com/citations?user=2BIXCI4AAAAJ&hl=en
0_142,NA,google scholar certified,https://scholar.google.com/citations?user=kjJzDmQAAAAJ&hl=en
0_144,NA,lab,https://engineering.purdue.edu/NANOENERGY/publications.htm
0_145,NA,google scholar certified,https://scholar.google.com/citations?user=hb3QQMMAAAAJ&hl=zh-CN
0_146,NA,personal website,https://mentis.uta.edu/explore/profile/yuze-sun
0_147,NA,google scholar certified,https://scholar.google.com/citations?hl=en&user=HjZXJeIAAAAJ&view_op=list_works&sortby=pubdate
0_148,NA,lab,https://research.tamhsc.edu/zchen/publications/
0_149,NA,lab,http://nano.ucsd.edu/~l7zhang/publications.php
0_15,NA,lab,https://blogs.umass.edu/wangc/
0_150,NA,google scholar certified,https://scholar.google.nl/citations?user=4lMcXC0AAAAJ&hl=en
0_151,NA,lab,https://yu.lab.indiana.edu/publications/
0_152,NA,ORCID,https://orcid.org/0000-0001-6065-483X
0_153,NA,lab,https://www.physics.uci.edu/~xia/X-lab/Publications.html
0_154,NA,google scholar certified,https://scholar.google.com/citations?user=4jVV1I4AAAAJ&hl=en
0_156,NA,lab,https://inspirehep.net/authors/1031198
0_157,NA,google scholar certified,https://scholar.google.com/citations?hl=zh-CN&user=caHYFjYAAAAJ&view_op=list_works&sortby=pubdate
0_158,NA,google scholar certified,https://scholar.google.com/citations?hl=zh-CN&user=KAZ5f7AAAAAJ&view_op=list_works&sortby=pubdate
0_159,NA,google scholar certified,https://scholar.google.com/citations?user=9zqiuGcAAAAJ&hl=zh-CN
0_16,NA,google scholar certified,https://scholar.google.com/citations?hl=en&user=P2akhl0AAAAJ&view_op=list_works&sortby=pubdate
0_164,NA,google scholar certified,https://scholar.google.com/citations?user=dHuCYVUAAAAJ&hl=en
0_165,NA,google scholar certified,https://scholar.google.com/citations?hl=en&user=zEbDN_gAAAAJ&view_op=list_works&sortby=pubdate
0_166,NA,google scholar certified,https://scholar.google.com.au/citations?user=mt2iEE8AAAAJ&hl=en
0_167,NA,lab,https://www.eng.yale.edu/fanlab/Rong_Fan_Group/Publications.html
0_168,NA,google scholar certified,https://scholar.google.com/citations?hl=zh-CN&user=hx400swAAAAJ&view_op=list_works&sortby=pubdate
0_169,NA,personal website,https://researchportal.northumbria.ac.uk/en/persons/yiping-ma/publications/
0_17,NA,google scholar certified,https://scholar.google.com/citations?user=z5Mp_qwAAAAJ&hl=en
0_170,NA,google scholar certified,https://scholar.google.com/citations?user=samPugwAAAAJ&hl=en
0_171,NA,google scholar certified,https://scholar.google.com/citations?hl=zh-CN&user=D9CQb9AAAAAJ&view_op=list_works&sortby=pubdate
0_172,NA,google scholar certified,https://scholar.google.com/citations?hl=zh-CN&user=wjzMwNYAAAAJ&view_op=list_works&sortby=pubdate
0_173,NA,google scholar certified,https://scholar.google.com/citations?user=QsdplQQAAAAJ&hl=zh-CN
0_174,NA,lab,https://sciences.ucf.edu/physics/fenglab/publications/
0_176,NA,lab,https://yao-group.labs.asu.edu/publications/
0_177,NA,google scholar certified,https://scholar.google.com/citations?user=BmRsK3wAAAAJ&hl=en
0_179,NA,lab,http://zzhang.utk.edu/index.php/publications/
0_18,NA,google scholar certified,https://scholar.google.com/citations?hl=en&user=3zHfmacAAAAJ&view_op=list_works&sortby=pubdate
0_180,NA,google scholar certified,https://scholar.google.com/citations?hl=en&user=nPlcpFcAAAAJ&view_op=list_works&sortby=pubdate
0_186,NA,personal website,https://www.mayoclinic.org/biographies/ma-jiasen-ph-d/publications/pbc-20433920
0_187,NA,lab,https://scholar.harvard.edu/lixin/publications0
0_188,NA,researchgate,https://www.researchgate.net/profile/Feng-Zhang-168
0_189,NA,publons certified,https://publons.com/researcher/2870772/xiaoshan-xu/publications/
0_19,NA,researchgate,https://www.researchgate.net/profile/Fenghai-Guo
0_190,NA,lab,http://www.pitt.edu/~pengliu/publications.html
0_191,NA,google scholar certified,https://scholar.google.com/citations?user=Oa27CV8AAAAJ&hl=en%20http://www.researcherid.com/ProfileView.action?
0_192,NA,google scholar certified,https://scholar.google.com/citations?user=kAHnFJEAAAAJ&hl=en
0_193,NA,lab,http://jianfengcai.myweb.usf.edu/cai.html
0_194,NA,personal website,https://plu.mx/mtsinai/u/jxu?selectedFilterIds=artifactType.countType%3AARTICLE
0_195,NA,researchgate,https://www.researchgate.net/profile/Mingming-Zhu-9/publications
0_2,NA,lab,http://www.its.caltech.edu/~yini/Papers.html
0_20,NA,lab,http://zhang.eece.wustl.edu/pubs.html
0_203,NA,lab,https://personal.ntu.edu.sg/robinchi/
0_204,NA,lab,https://www.depts.ttu.edu/che/research/li-lab/publications.php
0_205,NA,lab,http://www2.chem.umd.edu/groups/znie/Publications.html
0_206,NA,google scholar certified,https://scholar.google.com/citations?hl=en&user=KJAmrMQAAAAJ&view_op=list_works&sortby=pubdate
0_211,NA,lab,https://haiboyugroup.github.io/papers/
0_212,NA,researchgate,https://www.researchgate.net/profile/Yu-Yuan-5/publications
0_213,NA,personal website,https://moffitt.org/providers/hao-xie/
0_214,NA,google scholar certified,https://scholar.google.com/citations?hl=zh-CN&user=RTM5z_cAAAAJ&view_op=list_works&sortby=pubdate
0_215,NA,google scholar certified,https://scholar.google.com/citations?hl=en&user=qx7YtPkAAAAJ&view_op=list_works&sortby=pubdate
0_216,NA,google scholar certified,https://scholar.google.com/citations?user=FGRkP4IAAAAJ&hl=zh-CN
0_218,NA,CV,http://www.pa.uky.edu/~renbin/
0_220,NA,google scholar certified,https://scholar.google.com/citations?user=ZveT3NoAAAAJ&hl=en
0_221,NA,CV,https://science.jpl.nasa.gov/people/bguan/
0_223,NA,personal website,https://linjma.wixsite.com/linmaresearch/publications
0_224,NA,google scholar not certified,https://scholar.google.com/citations?hl=zh-CN&user=Y8jCvxAAAAAJ&view_op=list_works&sortby=pubdate
0_225,NA,google scholar certified,https://scholar.google.com/citations?hl=zh-CN&user=yZhsbmsAAAAJ&view_op=list_works&sortby=pubdate
0_226,NA,personal website,https://www.tnstate.edu/cae/li.aspx
0_227,NA,google scholar certified,https://scholar.google.com/citations?user=5HRNTzAAAAAJ
0_228,NA,personal website,https://science.gsfc.nasa.gov/sed/bio/jie.gong
0_229,NA,google scholar certified,https://scholar.google.com/citations?user=y6BR2_4AAAAJ&hl=zh-CN
0_230,NA,google scholar certified,https://scholar.google.com/citations?user=IpxUy-YAAAAJ&hl=zh-CN
0_231,NA,CV,https://hb2504.utep.edu/vitas/lma.pdf
0_232,NA,google scholar certified,https://scholar.google.com/citations?hl=zh-CN&user=9UNRIBwAAAAJ&view_op=list_works&sortby=pubdate
0_233,NA,google scholar certified,https://scholar.google.com/citations?hl=zh-CN&user=vZsSbasAAAAJ&view_op=list_works&sortby=pubdate
0_234,NA,publons certified,https://publons.com/researcher/2396066/yi-mao/publications/
0_235,NA,google scholar certified,https://scholar.google.com/citations?user=Udj0uXAAAAAJ&hl=en
0_236,NA,google scholar certified,https://scholar.google.com/citations?user=6QM4HrwAAAAJ&hl=zh-CN
0_237,NA,personal website,https://www.aoml.noaa.gov/hrd/people/junazhang/
0_238,NA,google scholar certified,https://scholar.google.ca/citations?hl=en&user=Kjp9cgYAAAAJ&view_op=list_works&sortby=pubdate
0_24,NA,personal website,https://www.ncbi.nlm.nih.gov/myncbi/na.zhang.4/bibliography/public/
0_242,NA,lab,https://dart.ece.ucdavis.edu/research/publications.html
0_243,NA,google scholar certified,https://scholar.google.com.sg/citations?user=lv-fnuoAAAAJ&hl=zh-CN
0_244,NA,google scholar certified,https://scholar.google.com/citations?hl=zh-CN&user=_OV8lQMAAAAJ&view_op=list_works&sortby=pubdate
0_245,NA,lab,https://sites.utexas.edu/yaguowang-research/publications/
0_246,NA,google scholar certified,https://scholar.google.com/citations?user=3nav4LoAAAAJ&hl=en
0_247,NA,lab,http://cailab.gatech.edu/publications.html#2005+
0_248,NA,personal website,https://engineering.purdue.edu/~zhu0/publications.html
0_249,NA,personal website,https://dblp.uni-trier.de/pid/83/514.html
0_25,NA,google scholar certified,https://scholar.google.com/citations?user=v6YV1EcAAAAJ&hl=en
0_250,NA,CV,https://www.uah.edu/images/fsdir/cv/463/UPDATE%20-%20Duan%20CV%202021%20PH.pdf
0_251,NA,personal website,https://www.scholars.northwestern.edu/en/persons/lejian-huang
0_252,NA,google scholar certified,https://scholar.google.com/citations?user=o_hq28oAAAAJ&hl=en
0_253,NA,lab,https://www3.cs.stonybrook.edu/~fuswang/publications.html
0_254,NA,lab,https://dchen.ece.illinois.edu/publications.html
0_255,NA,google scholar certified,https://scholar.google.com/citations?user=-IMW-w0AAAAJ&hl=zh-CN
0_256,NA,lab,https://www.csl.cornell.edu/~zhiruz/publications.html
0_257,NA,personal website,https://www.colorado.edu/faculty/liu-eugene/publications
0_258,NA,google scholar certified,https://scholar.google.com/citations?user=khlVUT0AAAAJ&hl=en
0_259,NA,lab,https://www.cerc.utexas.edu/~nansun/publications/
0_26,NA,lab,https://www.higp.hawaii.edu/~binchen/publications/
0_260,NA,google scholar certified,https://scholar.google.com/citations?hl=zh-CN&user=F4tTgLQAAAAJ&view_op=list_works&sortby=pubdate
0_264,NA,google scholar certified,https://scholar.google.com/citations?user=7XlJ0roAAAAJ&hl=zh-CN
0_268,NA,personal website,https://faculty.mdanderson.org/profiles/yinghong_wang.html
0_269,NA,lab,https://www.med.upenn.edu/huanglab/personnel.html
0_27,NA,personal website,https://science.gsfc.nasa.gov/sed/bio/mei.han-1
0_271,NA,lab,https://songlab.research.chop.edu/publications
0_273,NA,lab,https://mdanderson.elsevierpure.com/en/persons/li-ma/publications/
0_279,NA,researchgate,https://www.researchgate.net/profile/Chunyue-Yin-2
0_28,NA,ORCID,https://orcid.org/0000-0002-1994-4402
0_282,NA,pubmed certified,https://pubmed.ncbi.nlm.nih.gov/?term=Shujie+Shi
0_283,NA,researchgate,https://www.researchgate.net/profile/Weiye-Wang-3
0_285,NA,google scholar not certified,https://scholar.google.com/citations?hl=en&user=23RRATsAAAAJ&view_op=list_works&sortby=pubdate
0_286,NA,ORCID,https://orcid.org/0000-0002-5140-3681
0_288,NA,personal website,https://www.mayo.edu/research/searchpublications/publications?authid=15499316
0_29,NA,personal website,https://science.gsfc.nasa.gov/sed/bio/yuekui.yang-1
0_290,NA,google scholar certified,https://scholar.google.com/citations?user=DQnptioAAAAJ&hl=en
0_291,NA,lab,https://uncliqian.web.unc.edu/publications/
0_293,NA,researchgate,https://www.researchgate.net/profile/Kun-Liu-52
0_294,NA,google scholar certified,https://scholar.google.com/citations?hl=zh-CN&user=SY1JCaUAAAAJ&view_op=list_works&sortby=pubdate
0_295,NA,lab,https://www.ncbi.nlm.nih.gov/myncbi/yousong.ding.1/bibliography/public/?sortby=pubDate&sdirection=ascending
0_296,NA,personal website,https://www.med.unc.edu/biochem/directory/zhang/
0_297,NA,linkin,https://www.linkedin.com/in/gangli1975/
0_299,NA,google scholar certified,https://scholar.google.com/citations?hl=en&user=RVM1Pr8AAAAJ&view_op=list_works&sortby=pubdate
0_3,NA,lab,https://www.zhaowei.us/
0_30,NA,lab,https://deng.eas.gatech.edu/node/2
0_300,NA,google scholar certified,https://scholar.google.com/citations?hl=en&user=sm2Y-6sAAAAJ&view_op=list_works&sortby=pubdate
0_301,NA,lab,https://rongchenlab.org/people/
0_302,NA,lab,https://www.ncbi.nlm.nih.gov/myncbi/1TQhcev-thEA9/bibliography/public/?page=2
0_303,NA,lab,https://zhaolab.engineering.osu.edu/publications
0_305,NA,google scholar certified,https://scholar.google.com/citations?hl=en&user=w4wAVMsAAAAJ&view_op=list_works&sortby=pubdate
0_306,NA,google scholar certified,https://scholar.google.com.sg/citations?hl=en&user=2j7OoyAAAAAJ&view_op=list_works&sortby=pubdate
0_307,NA,researchgate certified,https://www.researchgate.net/profile/Fuqiang-Liu-2
0_308,NA,google scholar certified,https://scholar.google.com/citations?hl=en&user=gBEqZsUAAAAJ&view_op=list_works&sortby=pubdate
0_309,NA,researchgate,https://www.researchgate.net/profile/Xiaolong-Yin-2/publications
0_312,NA,google scholar certified,https://scholar.google.com/citations?hl=en&user=uTBMqQ4AAAAJ&view_op=list_works&sortby=pubdate
0_314,NA,google scholar certified,https://scholar.google.com/citations?hl=en&user=qxdg5jQAAAAJ&view_op=list_works&sortby=pubdate
0_315,NA,google scholar certified,https://scholar.google.com/citations?user=oZEmrVsAAAAJ&hl=en
0_316,NA,google scholar certified,https://scholar.google.com/citations?hl=en&user=th9s1CAAAAAJ&view_op=list_works&sortby=pubdate
0_317,NA,google scholar certified,https://scholar.google.com/citations?hl=zh-CN&user=an7ciyMAAAAJ&view_op=list_works&sortby=pubdate
0_318,NA,google scholar certified,https://scholar.google.com/citations?hl=zh-CN&user=vlhhuT0AAAAJ&view_op=list_works&sortby=pubdate
0_319,NA,personal website,https://einstein.pure.elsevier.com/en/persons/na-song/publications/
0_32,NA,google scholar certified,https://scholar.google.com/citations?hl=en&user=_cqWssQAAAAJ&view_op=list_works&sortby=pubdate
0_320,NA,google scholar certified,https://scholar.google.com/citations?hl=zh-CN&user=uJXWhCgAAAAJ&view_op=list_works&sortby=pubdate
0_321,NA,lab,https://web.mst.edu/~yangxia/publication.html
0_322,NA,google scholar certified,https://scholar.google.com/citations?user=OorAZMgAAAAJ&hl=en
0_323,NA,lab,https://xu.uic.edu/publications/
0_324,NA,lab,http://yaoyangroup.com/publications
0_325,NA,publons certified,https://publons.com/researcher/2580423/liangbing-hu/
0_326,NA,lab,https://huangjinsong.wixsite.com/group/publications
0_33,NA,google scholar certified,https://scholar.google.com/citations?user=gk6aHyQAAAAJ&hl
0_332,NA,lab,https://www.ece.lsu.edu/xwzhou/publication.html
0_333,NA,ORCID,https://orcid.org/0000-0002-8668-8162
0_334,NA,google scholar certified,https://scholar.google.com/citations?user=wnl1lfcAAAAJ&hl=en
0_335,NA,google scholar certified,https://scholar.google.com/citations?hl=zh-CN&user=5FpqqysAAAAJ&view_op=list_works&sortby=pubdate
0_336,NA,personal website,http://www.acsu.buffalo.edu/~zhisun/publications.html
0_337,NA,researchgate,https://www.researchgate.net/profile/Wei-Lai-5/publications
0_338,NA,google scholar not certified,https://scholar.google.com/citations?user=Aa9NApIAAAAJ&hl=en
0_339,NA,researchgate,https://www.researchgate.net/profile/Guangjun-Cheng-2/publications
0_34,NA,lab,http://web.mit.edu/nanophotonics/publications.htm
0_340,NA,google scholar certified,https://scholar.google.com/citations?hl=zh-CN&user=w7UXZuQAAAAJ&view_op=list_works&sortby=pubdate
0_342,NA,lab,https://scholar.harvard.edu/lixin/publications0
0_343,NA,lab,http://welab.ucmerced.edu/publication.html
0_344,NA,google scholar certified,https://scholar.google.com/citations?hl=en&user=pXjVfweJJ44C&view_op=list_works&sortby=pubdate
0_346,NA,lab,https://acoustofluidics.pratt.duke.edu/people/tony-jun-huang
0_348,NA,google scholar certified,https://scholar.google.com/citations?hl=en&user=yl-PxsIAAAAJ&view_op=list_works&sortby=pubdate
0_349,NA,google scholar certified,https://scholar.google.com/citations?hl=en&user=hqv_DtsAAAAJ&view_op=list_works&sortby=pubdate
0_350,NA,google scholar certified,https://scholar.google.com/citations?hl=zh-CN&user=GpP8OVcAAAAJ&view_op=list_works&sortby=pubdate
0_351,NA,google scholar certified,https://scholar.google.com/citations?hl=en&user=RDCt5xkAAAAJ&view_op=list_works&sortby=pubdate
0_353,NA,google scholar certified,https://scholar.google.com/citations?hl=en&user=2fkI6b4AAAAJ&view_op=list_works&sortby=pubdate
0_354,NA,google scholar certified,https://scholar.google.com/citations?user=samPugwAAAAJ&hl=en
0_356,NA,google scholar certified,https://scholar.google.com/citations?user=UgaEFNkAAAAJ&hl=en
0_357,NA,personal website,http://www.hli.wayne.edu/research/publications.htm
0_358,NA,CV,https://www2.cose.isu.edu/~zhuyunr/cv.pdf
0_359,NA,personal website,http://www.math.utoronto.ca/kzhang/publications/
0_36,NA,lab,http://ix.cs.uoregon.edu/~dou/
0_367,NA,ORCID,https://orcid.org/0000-0001-7022-7313
0_368,NA,publons certified,https://publons.com/researcher/2723654/xiang-li/publications/
0_369,NA,google scholar certified,https://scholar.google.com/citations?user=vEuy96oAAAAJ&hl=en
0_37,NA,google scholar certified,https://scholar.google.com/citations?hl=zh-CN&user=_iD3nyMAAAAJ&view_op=list_works&sortby=pubdate
0_370,NA,lab,https://computing.ece.vt.edu/~xjia/publications.html
0_371,NA,google scholar certified,https://scholar.google.com/citations?hl=en&user=pxjXK3AAAAAJ&view_op=list_works&sortby=pubdate
0_372,NA,google scholar certified,https://scholar.google.com/citations?hl=en&user=qB02gYwAAAAJ&view_op=list_works&sortby=pubdate
0_373,NA,google scholar certified,https://scholar.google.com/citations?hl=zh-CN&user=Uk97bocAAAAJ&view_op=list_works&sortby=pubdate
0_374,NA,google scholar certified,https://scholar.google.com/citations?hl=en&user=5kXk7FEAAAAJ&view_op=list_works&sortby=pubdate
0_38,NA,google scholar certified,https://scholar.google.com/citations?hl=en&user=eEFQNDAAAAAJ&view_op=list_works&sortby=pubdate
0_380,NA,researchgate,https://www.researchgate.net/profile/Tao_Mei2/publications
0_387,NA,researchgate,https://www.researchgate.net/profile/Yu-Yuan-5/publications
0_389,NA,lab,https://www3.nd.edu/~scl/publication.html
0_39,NA,personal website,https://polytechnic.purdue.edu/profile/byang
0_390,NA,google scholar certified,https://scholar.google.com/citations?hl=zh-CN&user=PSJ1VJsAAAAJ&view_op=list_works&sortby=pubdate
0_391,NA,google scholar certified,https://scholar.google.com/citations?user=pJBWxw4AAAAJ&hl=en
0_392,NA,CV,https://www.stat.purdue.edu/~xbw/research/BoweiXi.CV.pdf
0_393,NA,researchgate,https://www.researchgate.net/profile/Dawen-Li
0_394,NA,google scholar certified,https://scholar.google.com/citations?hl=zh-CN&user=VLNDYtoAAAAJ&view_op=list_works&sortby=pubdate
0_395,NA,google scholar certified,https://scholar.google.com/citations?hl=zh-CN&user=fHwkOtoAAAAJ&view_op=list_works&sortby=pubdate
0_396,NA,google scholar certified,https://scholar.google.com/citations?hl=zh-CN&user=_jqRL2gAAAAJ&view_op=list_works&sortby=pubdate
0_397,NA,lab,https://faculty.uml.edu//Hualiang_Zhang/publication.html
0_401,NA,lab,http://web.cse.ohio-state.edu/~wang.3602/publications.html
0_403,NA,google scholar certified,https://scholar.google.com/citations?hl=en&user=SRC3O-4AAAAJ&view_op=list_works&sortby=pubdate
0_405,NA,personal website,https://engineering.unl.edu/ece/faculty/lamar-yaoqing-yang/
0_407,NA,lab,https://sites.utexas.edu/jwang/publications/
0_409,NA,lab,http://photonics.oregonstate.edu/peer-reviewed-journals
0_41,NA,google scholar certified,https://scholar.google.com/citations?hl=en&user=5FJLoDEAAAAJ&view_op=list_works&sortby=pubdate
0_410,NA,lab,https://www.eee.hku.hk/~wirelesslab/Publication.html
0_412,NA,lab,http://physics.bgsu.edu/~lsun/publications.html
0_413,NA,google scholar certified,https://scholar.google.com/citations?hl=en&user=d41WKG4AAAAJ&view_op=list_works&sortby=pubdate
0_414,NA,google scholar certified,https://scholar.google.com/citations?user=fCMfV64AAAAJ&hl=en
0_415,NA,personal website,https://personal.utdallas.edu/~cxz124830/publications.html
0_424,NA,CV,https://www.niehs.nih.gov/businesscards/docs/shi_min_508.pdf
0_426,NA,lab,https://zhanglab.wixsite.com/website
0_427,NA,google scholar certified,https://scholar.google.com/citations?hl=zh-CN&user=lzzVpQpzfqoC&view_op=list_works&sortby=pubdate
0_428,NA,google scholar certified,https://scholar.google.com/citations?user=s36qn58AAAAJ&hl=en
0_43,NA,personal website,https://research.aston.ac.uk/en/persons/zuoyin-tang/publications/
0_430,NA,pubmed certified,https://pubmed.ncbi.nlm.nih.gov/?term=Lian+J&cauthor_id=31834641
0_431,NA,lab,https://faculty.stevens.edu/xyu
0_432,NA,google scholar certified,https://scholar.google.com/citations?user=9aVnVm8AAAAJ&hl=en
0_433,NA,researchgate,https://www.researchgate.net/profile/Xiaosheng-Huang/publications
0_434,NA,google scholar certified,https://scholar.google.com/citations?hl=zh-CN&user=hx400swAAAAJ&view_op=list_works&sortby=pubdate
0_435,NA,lab,https://research.cbc.osu.edu/wu.531/publications/
0_436,NA,google scholar certified,https://scholar.google.com/citations?user=08NbivUAAAAJ&hl=zh-CN
0_437,NA,lab,https://www.eng.yale.edu/fanlab/Rong_Fan_Group/Publications.html
0_439,NA,google scholar certified,https://scholar.google.ca/citations?hl=en&user=NnV0lYwAAAAJ&view_op=list_works&sortby=pubdate
0_441,NA,personal website,https://people.wright.edu/xiaoyu.liu
0_447,NA,lab,https://zhao.utk.edu/publications/
0_451,NA,personal website,https://works.bepress.com/hu-yang/
0_452,NA,lab,https://case.edu/cse/emac/leizhu/publications.html
0_459,NA,google scholar certified,https://scholar.google.com/citations?hl=zh-CN&user=lrDVzDoAAAAJ&view_op=list_works&sortby=pubdate
0_467,NA,lab,http://www.hu.seas.ucla.edu/pubs/index.html#b2015
0_470,NA,google scholar certified,https://scholar.google.com/citations?user=2m9PFuwAAAAJ&hl=en&view_op=list_works&sortby=pubdate
0_472,NA,google scholar certified,https://scholar.google.co.uk/citations?hl=en&user=O5x93HoAAAAJ&view_op=list_works&sortby=pubdate
0_476,NA,lab,https://sites.google.com/a/uncg.edu/wei-s-group-jsnn/publications
0_477,NA,google scholar certified,https://scholar.google.com/citations?user=bA3VfDgAAAAJ&hl=en
0_479,NA,lab,https://www.taoyelab.org/publications
0_482,NA,google scholar certified,https://scholar.google.com/citations?hl=zh-CN&user=8Axgx3wAAAAJ&view_op=list_works&sortby=pubdate
0_484,NA,google scholar certified,https://scholar.google.com.au/citations?hl=en&user=JVvXKjgAAAAJ&view_op=list_works&sortby=pubdate
0_485,NA,google scholar certified,https://scholar.google.com/citations?hl=en&user=g4w5xqwAAAAJ&view_op=list_works&sortby=pubdate
0_486,NA,google scholar certified,https://scholar.google.com.hk/citations?user=hTsWrZgAAAAJ&hl=zh-CN
0_487,NA,google scholar certified,https://scholar.google.com/citations?hl=zh-CN&user=PSJ1VJsAAAAJ&view_op=list_works&sortby=pubdate
0_488,NA,personal website,https://staffportal.curtin.edu.au/staff/profile/view/nan-zhang-cefb8d7f/
0_489,NA,google scholar certified,https://scholar.google.com.hk/citations?user=5VBaQTIAAAAJ&hl=en
0_490,NA,personal website,https://cancer.osu.edu/find-a-researcher/search-researcher-directory/tong-chen
0_491,NA,google scholar certified,https://scholar.google.com/citations?user=px9bnWMAAAAJ&hl=en
0_492,NA,personal website,https://profiles.ucr.edu/app/home/profile/weifeng
0_494,NA,CV,https://prod.admin.profile.yale.edu/Profiles/Cv/user/zuoheng_wang
0_495,NA,google scholar certified,https://scholar.google.com/citations?user=vSDPGjcAAAAJ&hl=en
0_496,NA,google scholar certified,https://scholar.google.com/citations?hl=zh-CN&user=HN_kkdIAAAAJ&view_op=list_works&sortby=pubdate
0_5,NA,lab,https://sites.temple.edu/xifanwu/publications-of-xifan-wu/
0_500,NA,google scholar certified,https://scholar.google.com/citations?user=lE68S9wAAAAJ&hl=en
0_501,NA,lab,https://hao-lin-3gnt.squarespace.com/about
0_502,NA,lab,https://sites.utexas.edu/lishi/publications/
0_503,NA,lab,https://mentis.uta.edu/explore/profile/cheng-luo
0_505,NA,google scholar certified,https://scholar.google.com/citations?hl=zh-CN&user=mVywjmsAAAAJ&view_op=list_works&sortby=pubdate
0_51,NA,researchgate,https://www.researchgate.net/profile/Jiwei-Lu-3
0_510,NA,personal website,https://kelley.iu.edu/faculty-research/faculty-directory/profile.html?id=LID
0_513,NA,lab,https://www-mslmb.niddk.nih.gov/zhang/publications.html
0_513,NA,google scholar certified,https://scholar.google.com/citations?hl=zh-CN&user=6_d0E5gAAAAJ&view_op=list_works&sortby=pubdate
0_515,NA,CV,https://campusdata.uark.edu/resources/uploads/cv-files/jiangchao-zhao-cv.docx
0_516,NA,pubmed certified,https://www.ncbi.nlm.nih.gov/sites/myncbi/1VKWVmyDv5rkx/bibliography/41307380/public/?sort=date&direction=ascending
0_518,NA,google scholar certified,https://scholar.google.com/citations?hl=en&user=6uEYL7kAAAAJ&view_op=list_works&sortby=pubdate
0_52,NA,lab,https://sites.ualberta.ca/~hzeng2/CV.html
0_521,NA,personal website,https://clas-math.uncc.edu/duan-chen/publications/
0_523,NA,lab,https://jinlabgenomics.com/Publications/
0_524,NA,lab,http://www.cchem.berkeley.edu/wzgrp/publication.htm
0_525,NA,google scholar certified,https://scholar.google.com/citations?hl=en&user=JmqCT2EAAAAJ&view_op=list_works&sortby=pubdate
0_526,NA,lab,http://www.yinlabgsu.com/
0_529,NA,lab,https://www.ncbi.nlm.nih.gov/myncbi/jianning.tao.1/bibliography/public/?sortby=pubDate&sdirection=descending
0_53,NA,google scholar certified,https://scholar.google.com/citations?hl=en&user=_C2hnkwAAAAJ&view_op=list_works&sortby=pubdate
0_531,NA,google scholar certified,https://scholar.google.com/citations?hl=en&user=QLFhXgMAAAAJ&view_op=list_works&sortby=pubdate
0_534,NA,google scholar certified,https://scholar.google.com/citations?hl=en&user=mXhPF9kAAAAJ&view_op=list_works&sortby=pubdate
0_535,NA,google scholar certified,https://scholar.google.ca/citations?hl=en&user=f7HX2L0AAAAJ&view_op=list_works&sortby=pubdate
0_536,NA,google scholar certified,https://scholar.google.com/citations?hl=en&user=jn6T4u8AAAAJ&view_op=list_works&sortby=pubdate
0_537,NA,google scholar certified,https://scholar.google.com.sg/citations?hl=en&user=wpZYp6sAAAAJ&view_op=list_works&sortby=pubdate
0_538,NA,google scholar certified,https://scholar.google.com/citations?hl=zh-CN&user=knpO5qAAAAAJ&view_op=list_works&sortby=pubdate
0_539,NA,lab,https://www.lamar.edu/engineering/civil/faculty/qian/publications.html
0_540,NA,personal website,http://homepages.rpi.edu/~hex6/publications.html#papers
0_541,NA,google scholar certified,https://scholar.google.com/citations?hl=en&user=U7LGKH0AAAAJ&view_op=list_works&sortby=pubdate
0_542,NA,personal website,https://limlab.ucsf.edu/people/kitty.html
0_549,NA,personal website,https://mtrl.ubc.ca/faculty/guangrui-xia/
0_551,NA,lab,https://sites.google.com/view/peizhang/home/publications
0_552,NA,lab,https://web2.ph.utexas.edu/~lailab/publications.html
0_554,NA,personal website,https://eexu.home.ece.ust.hk/publications.html
0_555,NA,lab,http://nano.ecs.umass.edu/
0_556,NA,lab,https://eeweiz.home.ece.ust.hk/publication.html
0_562,NA,google scholar certified,https://scholar.google.com/citations?hl=zh-CN&user=JhSz8rIAAAAJ&view_op=list_works&sortby=pubdate
0_563,NA,pubmed certified,https://pubmed.ncbi.nlm.nih.gov/?term=yarui+diao
0_564,NA,lab,https://caomianlabdukenus.wordpress.com/publications/
0_565,NA,researchgate,https://www.researchgate.net/profile/Nan-Xiao-16
0_566,NA,ORCID,https://orcid.org/0000-0001-6428-4709
0_567,NA,pubmed certified,https://pubmed.ncbi.nlm.nih.gov/?term=%28Fu%2C+Hongjun%5BAuthor%5D%29+AND+%28The+Ohio+State+University%5BAffiliation%5D%29&filter=datesearch.y_10&sort=date
0_57,NA,personal website,https://faculty.fiu.edu/~weiwang1/publications.html
0_570,NA,google scholar certified,https://scholar.google.com/citations?user=HHObUnMAAAAJ&hl=zh-CN
0_571,NA,google scholar certified,https://scholar.google.com/citations?hl=zh-CN&user=zpOpswMAAAAJ&view_op=list_works&sortby=pubdate
0_572,NA,lab,https://zhengchen.eng.ucsd.edu/publications
0_573,NA,google scholar certified,https://scholar.google.com/citations?hl=zh-CN&user=nvBMQ5YAAAAJ&view_op=list_works&sortby=pubdate
0_574,NA,google scholar certified,https://scholar.google.com/citations?hl=en&user=_x--RLwAAAAJ&view_op=list_works&sortby=pubdate
0_575,NA,google scholar certified,https://scholar.google.com/citations?user=RUoOVUcAAAAJ&hl=en
0_577,NA,personal website,http://repository.ust.hk/ir/AuthorProfile/xu-jianbo?audbFormat=Article&audbFrom=&audbTo=&sort=publishDateSort+desc&audbSubmit=Go
0_578,NA,personal website,https://research.polyu.edu.hk/en/persons/liang-an/publications/?type=%2Fdk%2Fatira%2Fpure%2Fresearchoutput%2Fresearchoutputtypes%2Fcontributiontojournal%2Farticle
0_580,NA,personal website,https://research.polyu.edu.hk/en/persons/biao-zhang/publications/?type=%2Fdk%2Fatira%2Fpure%2Fresearchoutput%2Fresearchoutputtypes%2Fcontributiontojournal%2Farticle
0_581,NA,google scholar certified,https://scholar.google.com/citations?hl=zh-CN&user=bUmoXCMAAAAJ&view_op=list_works&sortby=pubdate
0_582,NA,lab,https://web.mst.edu/~yangxia/
0_586,NA,lab,https://www.zhengyanresearchgroup.com/publications
0_587,NA,google scholar certified,https://scholar.google.com/citations?hl=en&user=Np4-SNIAAAAJ&view_op=list_works&sortby=pubdate
0_588,NA,google scholar certified,https://scholar.google.com/citations?user=Bz4c55IAAAAJ&hl=en
0_589,NA,personal website,https://scholars.cityu.edu.hk/en/persons/yang-lu(7fef077c-81a7-4b94-946e-914832c93a59)/publications.html
0_59,NA,lab,https://www.math.purdue.edu/~lin491/publication.html#Journal
0_590,NA,personal website,https://mdanderson.elsevierpure.com/en/persons/xiuning-le/publications/
0_592,NA,google scholar certified,https://scholar.google.com/citations?user=x6kNJ6sAAAAJ&hl=en
0_594,NA,CV,https://dmdatastore.s3.amazonaws.com/cf021/profile/CV_CFan%202020-1.pdf
0_595,NA,google scholar certified,https://scholar.google.com/citations?user=P-HZROMAAAAJ&hl=en
0_60,NA,google scholar certified,https://scholar.google.com/citations?user=aDtfPaUAAAAJ&hl=zh-CN
0_611,NA,ORCID,https://orcid.org/0000-0002-6413-947X
0_612,NA,personal website,https://www.scholars.northwestern.edu/en/persons/xiaoying-liu
0_613,NA,google scholar certified,https://scholar.google.ca/citations?hl=en&user=OzhY4ikAAAAJ&view_op=list_works&sortby=pubdate
0_614,NA,personal website,https://cbmg.umd.edu/faculty-1/tenure/lanny-ling/
0_615,NA,google scholar certified,https://scholar.google.com/citations?hl=en&user=4-FgZGAAAAAJ&view_op=list_works&sortby=pubdate
0_616,NA,google scholar certified,https://scholar.google.ca/citations?hl=en&user=7f3HKI8AAAAJ&view_op=list_works&sortby=pubdate
0_617,NA,google scholar certified,https://scholar.google.com/citations?user=aE1MlHAAAAAJ&hl=en
0_618,NA,google scholar certified,https://scholar.google.com/citations?user=ryt2nuoAAAAJ&hl=zh-CN
0_619,NA,personal website,https://medicine.iu.edu/faculty/38697/huang-kun
0_620,NA,CV,https://content-calpoly-edu.s3.amazonaws.com/ee/1/documents/Jin_Xiaomin-CV.pdf
0_621,NA,personal website,https://engineering.purdue.edu/~djiao/publications.html
0_622,NA,google scholar certified,https://scholar.google.com/citations?user=wC3vkNQAAAAJ&hl
0_623,NA,lab,https://publons.com/researcher/677234/ken-chen/publications/
0_624,NA,personal website,https://www.ncbi.nlm.nih.gov/myncbi/1bcpCwjUMy6Qr/bibliography/public/?sortby=pubDate&sdirection=descending
0_626,NA,google scholar certified,https://scholar.google.com/citations?hl=zh-CN&user=8uOEmHgAAAAJ&view_op=list_works&sortby=pubdate
0_627,NA,publons certified,https://publons.com/researcher/2868855/junling-wang/publications/
0_628,NA,google scholar certified,https://scholar.google.com/citations?user=od7QqfoAAAAJ&hl=en
0_630,NA,google scholar certified,https://scholar.google.com/citations?user=VU2Jw1YAAAAJ&hl=zh-CN
0_632,NA,google scholar certified,https://scholar.google.com.sg/citations?hl=zh-CN&user=0qxO1j8AAAAJ&view_op=list_works&sortby=pubdate
0_633,NA,researchgate,https://www.researchgate.net/profile/Dongsheng-Ma-2/publications
0_634,NA,ORCID,https://orcid.org/0000-0002-1431-8859
0_635,NA,lab,https://yu.lab.indiana.edu/publications/
0_636,NA,lab,https://wanglab.stanford.edu/2021
0_637,NA,personal website,https://faculty.sustech.edu.cn/?cat=4&tagid=yangj36&orderby=date&iscss=1&snapid=1&lang=en
0_639,NA,CV,http://bicmr.pku.edu.cn/~lxiao/files/CV.pdf
0_641,NA,lab,https://personal.ntu.edu.sg/blzhang/group.html
0_648,NA,google scholar certified,https://scholar.google.com.sg/citations?user=lv-fnuoAAAAJ&hl=zh-CN
0_649,NA,google scholar certified,https://scholar.google.com/citations?hl=en&user=93RKpIMAAAAJ&view_op=list_works&sortby=pubdate
0_656,NA,google scholar certified,https://scholar.google.com/citations?user=9xs8hHoAAAAJ&hl=en
0_659,NA,personal website,https://www.mayo.edu/research/searchpublications/publications?authid=21227632
0_66,NA,google scholar certified,https://scholar.google.com/citations?user=16lhMTMAAAAJ&hl=en
0_661,NA,google scholar certified,https://scholar.google.com/citations?hl=en&user=uYkRMmUAAAAJ&view_op=list_works&sortby=pubdate
0_663,NA,researchgate,https://www.researchgate.net/profile/Yi-Li-160/publications
0_665,NA,google scholar certified,https://scholar.google.com/citations?hl=en&user=s36qn58AAAAJ&view_op=list_works&sortby=pubdate
0_666,NA,google scholar certified,https://scholar.google.com/citations?hl=en&user=7H1ugs4AAAAJ&view_op=list_works&sortby=pubdate
0_667,NA,CV,https://www.duke-nus.edu.sg/directory/detail/cao-mian
0_669,NA,personal website,https://facultydirectory.uchc.edu/profile?profileId=Wang-Kepeng
0_67,NA,google scholar certified,https://scholar.google.com.sg/citations?user=vlBNSwUAAAAJ&hl=en
0_672,NA,personal website,https://portal.research.lu.se/portal/en/persons/yuran-niu(30ced5de-277c-46ec-b6fa-a43b03f388f9)/publications.html#0
0_674,NA,google scholar certified,https://scholar.google.com.au/citations?hl=en&user=VcZKZ9MAAAAJ&view_op=list_works&sortby=pubdate
0_675,NA,google scholar certified,https://scholar.google.com/citations?user=MTwtLvAAAAAJ&hl=en
0_676,NA,personal website,https://myweb.cuhk.edu.cn/zhengqingbin/Home/AcademicPublications
0_68,NA,google scholar certified,https://scholar.google.com/citations?user=H0gfGkoAAAAJ&hl=en
0_683,NA,google scholar certified,https://scholar.google.com/citations?user=Z49gXw0AAAAJ&hl=en
0_685,NA,personal website,https://www.cpp.edu/~minghengli/
0_687,NA,lab,http://yaoyangroup.com/publications
0_688,NA,lab,https://jxhuang.mccormick.northwestern.edu/publications/
0_690,NA,lab,https://liulab.lbl.gov/publications?page=2
0_691,NA,lab,http://chemweb.unl.edu/guo/Publications.html
0_692,NA,personal website,https://med.emory.edu/departments/biochemistry/profile/?u=XSONG2
0_693,NA,personal website,https://www.stat.colostate.edu/~riczw/Publications.html
0_694,NA,google scholar certified,https://scholar.google.com/citations?user=E5JeikcAAAAJ&hl=en
0_696,NA,researchgate,https://www.researchgate.net/profile/Zhongming-Wang-2/publications
0_74,NA,lab,https://sites.google.com/view/chen-lab/publications
0_75,NA,google scholar certified,https://scholar.google.com/citations?user=sJErTYAAAAAJ&hl=en
0_76,NA,google scholar certified,https://scholar.google.com/citations?user=AKRHhUQAAAAJ&hl=zh-CN
0_77,NA,lab,https://magnet.engr.uga.edu/index.php/publications/
0_79,NA,lab,https://www3.ntu.edu.sg/home/xsqin/publications.htm
0_80,NA,google scholar certified,https://scholar.google.com/citations?user=M8NwAPUAAAAJ&hl=zh-CN
0_81,NA,personal website,https://profiles.arizona.edu/person/xwu
0_82,NA,personal website,https://engineering.purdue.edu/~chen220/web/publication.php
0_83,NA,CV,https://structures.engineering.unt.edu/sites/default/files/cv_cyu.pdf
0_84,NA,google scholar certified,https://scholar.google.com/citations?user=FPnxVh4AAAAJ&hl=en
0_86,NA,lab,https://huanglab.usc.edu/publications-patents/
0_88,NA,lab,https://engineering.purdue.edu/PEL/publications
0_89,NA,google scholar certified,https://scholar.google.com/citations?user=nl8hCMgAAAAJ&hl=zh-CN
0_9,NA,personal website,https://yin.hms.harvard.edu/publications.html
0_90,NA,lab,https://ac.fiu.edu/publications/
0_91,NA,lab,http://apps.webofknowledge.com/Search.do?product=UA&SID=6C3T77GOQFVMdXgqp9f&search_mode=GeneralSearch&prID=b58d44c4-c949-43e1-acd8-2a124df1cf16
0_92,NA,lab,http://huanglab.ucsf.edu/CV.html
0_94,NA,lab,https://sites.google.com/bc.edu/dunweiwang/research/publications
0_95,NA,personal website,https://www2.chem.wisc.edu/pubs/2852
0_96,NA,ORCID,https://orcid.org/0000-0002-4952-3772
0_97,NA,google scholar certified,https://scholar.google.com/citations?user=Fea2rDgAAAAJ&hl=en
0_98,NA,google scholar not certified,https://scholar.google.com/citations?hl=zh-CN&user=BvpOdhEAAAAJ&view_op=list_works&sortby=pubdate
0_99,NA,lab,https://www.eng.yale.edu/wenjun/research.html
1_1,NA,lab,http://www.physics.fudan.edu.cn/tps/people/ybzhang/wordpress/publications/
1_10,NA,google scholar certified,https://scholar.google.com/citations?user=fYVPrG8AAAAJ&hl=zh-CN
1_100,NA,lab,http://staff.ustc.edu.cn/~yanyumse/publication.html
1_102,NA,ORCID,https://orcid.org/0000-0002-0197-6545
1_107,NA,google scholar certified,https://scholar.google.com/citations?user=Lh85jCAAAAAJ&hl=en
1_118,NA,google scholar certified,https://scholar.google.com/citations?user=HXVudg4AAAAJ&hl=en
1_120,NA,researchgate,https://www.researchgate.net/profile/Zhenfeng-Liu-2/publications
1_122,NA,researchgate,https://www.researchgate.net/profile/Dawang-Zhou/publications
1_123,NA,lab,http://www.tll.org.sg/group-leaders/yu-cai/
1_124,NA,lab,http://staff.ustc.edu.cn/~sguang/Publications.html
1_126,NA,lab,https://en.hfnl.ustc.edu.cn/8310/list.htm
1_127,NA,google scholar certified,https://scholar.google.com/citations?user=nFrDcpsAAAAJ&hl=en
1_128,NA,researchgate,https://www.researchgate.net/profile/Yujie-Sun-4
1_129,NA,lab,http://isynbio.siat.ac.cn/dailab/view.php?id=48
1_130,NA,lab,http://cbls.bnu.edu.cn/plus/list.php?tid=7
1_131,NA,google scholar certified,https://scholar.google.com/citations?hl=en&user=x1V6G-gAAAAJ
1_133,NA,researchgate,https://www.researchgate.net/profile/Xiaoqun-Wang-2
1_134,NA,researchgate,https://www.researchgate.net/profile/Yunkun-Wu
1_135,NA,researchgate,https://www.researchgate.net/profile/Baidong-Hou/publications
1_136,NA,personal website,https://mdanderson.elsevierpure.com/en/persons/guang-peng
1_14,NA,lab,http://feng.pku.edu.cn/index.php/publications/
1_142,NA,google scholar certified,https://scholar.google.com/citations?user=8SqgijEAAAAJ&hl=en
1_143,NA,researchgate,https://www.researchgate.net/profile/Mei-Tian-4/publications
1_144,NA,personal website,http://bicmr.pku.edu.cn/~ruochuan/
1_145,NA,personal website,https://icqm.pku.edu.cn/docs/20200115140221347135.pdf
1_147,NA,google scholar certified,https://scholar.google.com/citations?user=LM-wFPAAAAAJ&hl=en
1_148,NA,personal website,https://inspirehep.net/literature?sort=mostrecent&size=25&page=1&q=fin%20a%20q.-h.%20cao
1_150,NA,lab,http://www.phy.pku.edu.cn/sundong/Publication.htm
1_151,NA,google scholar certified,https://scholar.google.com.hk/citations?hl=en&user=maJ0YYwAAAAJ&view_op=list_works&sortby=pubdate
1_152,NA,lab,http://zhanglab.bnu.edu.cn/publications.html
1_155,NA,CV,http://www.physics.fudan.edu.cn/tps/people/jzhao/CVEng.pdf
1_156,NA,google scholar certified,https://scholar.google.com/citations?user=0QMB9ZUAAAAJ&hl=zh-CN
1_157,NA,INSPIRE,https://inspirehep.net/authors/1036747
1_159,NA,google scholar certified,https://scholar.google.com/citations?hl=zh-CN&user=OTR7sbEAAAAJ&view_op=list_works&sortby=pubdate
1_160,NA,lab,https://stm.nju.edu.cn/28533/list.htm
1_161,NA,google scholar certified,https://scholar.google.com/citations?hl=en&user=vnx2cPoAAAAJ&view_op=list_works&sortby=pubdate
1_163,NA,lab,http://info.phys.tsinghua.edu.cn/zhou/ZhouLab_Publication_Publication%20list.html
1_164,NA,lab,http://info.phys.tsinghua.edu.cn/yupu/publications.html
1_165,NA,ORCID,https://orcid.org/0000-0001-6411-6107
1_167,NA,lab,https://umji.sjtu.edu.cn/~wjwan/publications.html
1_168,NA,google scholar certified,https://scholar.google.com/citations?user=qPg4khsAAAAJ&hl=en
1_169,NA,personal website,https://person.zju.edu.cn/zhichao#662781
1_17,NA,google scholar certified,https://scholar.google.com/citations?user=jf4x45YAAAAJ&hl=zh-CN
1_171,NA,ORCID,https://orcid.org/0000-0002-1935-8104
1_173,NA,lab,http://staff.ustc.edu.cn/~jhyuan/publication.html
1_174,NA,publons,https://publons.com/researcher/2781345/wenguang-zhu/publications/
1_175,NA,lab,http://hbar.physics.buffalo.edu/publication.htm
1_176,NA,INSPIRE,https://inspirehep.net/authors/1026563
1_177,NA,google scholar certified,https://scholar.google.com.hk/citations?hl=zh-CN&user=sX5YSo0AAAAJ&view_op=list_works&sortby=pubdate
1_178,NA,personal website,http://people.ucas.ac.cn/~zhousen
1_179,NA,google scholar certified,https://scholar.google.com/citations?user=DWabDUsAAAAJ&hl=en
1_18,NA,personal website,https://server.mcm.ac.cn/~zheng/research.html
1_181,NA,google scholar certified,https://scholar.google.com/citations?user=y81CwYoAAAAJ&hl=en
1_183,NA,lab,https://bowang.bit.edu.cn/publications/index.htm
1_184,NA,google scholar certified,https://scholar.google.com/citations?hl=en&user=DgUEIEwAAAAJ&view_op=list_works&sortby=pubdate
1_185,NA,personal website,http://www2.scut.edu.cn/materials/2019/0830/c22687a332025/page.htm?id=1000515
1_186,NA,lab,http://sugar.pharm.hust.edu.cn/
1_187,NA,lab,https://faculty.sustech.edu.cn/?cat=4&tagid=luw&iscss=1&snapid=1
1_189,NA,lab,http://wangj.med.tsinghua.edu.cn/publications/
1_192,NA,lab,http://www.yangchenggroup.com/list-100-1.html
1_193,NA,lab,http://web.suda.edu.cn/jliu/papers.html
1_194,NA,lab,http://www.kunliugroup.org/col.jsp?id=105
1_195,NA,personal website,https://gr.xjtu.edu.cn/web/zheng.yanzhen/publication
1_196,NA,google scholar certified,https://scholar.google.com/citations?hl=en&user=JQ6gWhYAAAAJ&view_op=list_works&sortby=pubdate
1_199,NA,lab,https://www.chem.pku.edu.cn/zhenggroup/publications/selected/index.htm
1_200,NA,researchgate,https://www.researchgate.net/profile/Kaifeng-Hu/publications
1_202,NA,google scholar certified,https://scholar.google.com/citations?user=oGG2N80AAAAJ&hl=en
1_203,NA,CV,http://wenjuntang.sioc.ac.cn/Tang20201230.pdf
1_204,NA,personal website,http://web.suda.edu.cn/niweihai/
1_205,NA,lab,https://www.x-mol.com/groups/gong_hanyuan/publications
1_206,NA,google scholar certified,https://scholar.google.com/citations?hl=zh-CN&user=8-FdYeUAAAAJ&view_op=list_works&sortby=pubdate
1_21,NA,ORCID,https://orcid.org/0000-0002-0040-9274
1_210,NA,google scholar certified,https://scholar.google.com/citations?hl=en&user=QE9vRcYAAAAJ&view_op=list_works&sortby=pubdate
1_211,NA,google scholar certified,https://scholar.google.com/citations?hl=en&user=eaHwHUsAAAAJ&view_op=list_works&sortby=pubdate
1_212,NA,personal website,https://faculty.ecnu.edu.cn/_s31/zxh2/main.psp
1_213,NA,personal website,https://ioo.sjtu.edu.cn/en/szTeachers/3593.html
1_214,NA,personal website,https://warwick.ac.uk/fac/sci/lifesci/people/ychen/#publications
1_215,NA,researchgate,https://www.researchgate.net/profile/Cheng-Gu-5
1_216,NA,lab,https://sites.google.com/ualberta.ca/liugroup/publications
1_217,NA,personal website,http://www.dess.tsinghua.edu.cn/info/1090/2395.htm
1_218,NA,google scholar certified,https://scholar.google.com/citations?user=ndupCI0AAAAJ&hl=en
1_22,NA,lab,http://staff.ustc.edu.cn/~yjxiong/publication.html
1_220,NA,lab,https://zenglab.ust.hk/eng/pub.html
1_221,NA,google scholar certified,https://scholar.google.com/citations?user=yXu_JkYAAAAJ&hl=en
1_222,NA,google scholar certified,https://scholar.google.com/citations?user=6WOeTvQAAAAJ&hl=en
1_223,NA,personal website,http://ess.ustc.edu.cn/faculties/detail-75.html
1_224,NA,google scholar certified,https://scholar.google.com/citations?hl=en&user=38EJLv8AAAAJ
1_225,NA,google scholar certified,https://scholar.google.com/citations?hl=zh-CN&user=kxQ77yMAAAAJ&view_op=list_works&sortby=pubdate
1_227,NA,publons,https://publons.com/researcher/2776862/yang-mu/
1_228,NA,google scholar certified,https://scholar.google.com/citations?hl=zh-CN&user=CqQZ-b8AAAAJ&view_op=list_works&sortby=pubdate
1_23,NA,researchgate,https://www.researchgate.net/profile/Junliang-Sun
1_230,NA,lab,https://www.spaceweather.ac.cn/~liuxying/pub.htm
1_231,NA,personal website,http://people.ucas.ac.cn/~qianli?language=en#%20347849
1_233,NA,researchgate,https://www.researchgate.net/profile/Xiaojuan-Feng-4
1_234,NA,lab,https://junhuanggroup.wixsite.com/huang-group/awards-and-publications
1_237,NA,personal website,https://www.kth.se/profile/mingx/publications/?l=en
1_238,NA,google scholar certified,https://scholar.google.com.au/citations?user=l8SXfQ4AAAAJ&hl=en
1_239,NA,google scholar certified,https://scholar.google.com/citations?hl=zh-CN&user=YJb5ozEAAAAJ&view_op=list_works&sortby=pubdate
1_241,NA,google scholar certified,https://scholar.google.com/citations?hl=en&user=lIDHdggAAAAJ&view_op=list_works&sortby=pubdate
1_243,NA,lab,http://www.wulab.cn/Article/Catalog?ui=24#pub2020
1_244,NA,lab,https://people.ece.ubc.ca/minchen/min_htm/publications.htm
1_247,NA,publons certified,https://publons.com/researcher/1372025/jianwen-luo/
1_248,NA,lab,https://netman.aiops.org/peidan_publication/
1_250,NA,google scholar certified,https://scholar.google.com/citations?hl=zh-CN&user=OIDtL6QAAAAJ&view_op=list_works&sortby=pubdate
1_253,NA,google scholar certified,https://scholar.google.com/citations?hl=zh-CN&user=FCsdj0YAAAAJ&view_op=list_works&sortby=pubdate
1_254,NA,lab,http://staff.ustc.edu.cn/~hchen/pub.htm
1_255,NA,personal website,https://www.sydney.edu.au/AcademicProfiles/profile/resource?urlid=dong.xu&type=cv
1_256,NA,researchgate,https://www.researchgate.net/profile/Jun-Liu-130/publications
1_257,NA,lab,http://tfsc.wnlo.hust.edu.cn/yjcg1/lw.htm
1_258,NA,personal website,https://www.kyb.tuebingen.mpg.de/publication-search/2537?person=persons133486&seite=2
1_259,NA,ORCID,https://orcid.org/0000-0002-0532-6312
1_26,NA,lab,https://jishanwu.webs.com/publications
1_261,NA,google scholar certified,https://scholar.google.com.hk/citations?user=PC2M0tEAAAAJ&hl=en
1_264,NA,personal website,http://www.nibs.ac.cn/en/yjsjyimgshow.php?cid=5&sid=6&id=760
1_266,NA,google scholar certified,https://scholar.google.com/citations?hl=en&user=9-sWQe4AAAAJ&view_op=list_works&sortby=pubdate
1_27,NA,lab,http://staff.ustc.edu.cn/~dupingwu/publications.html
1_271,NA,lab,http://cryoem.life.tsinghua.edu.cn/?page_id=253
1_272,NA,researchgate,https://www.researchgate.net/profile/Zhaojun-Ding
1_275,NA,google scholar certified,https://scholar.google.com/citations?hl=zh-CN&user=p1DjGyEAAAAJ&view_op=list_works&sortby=pubdate
1_278,NA,lab,http://www.cebsit.cas.cn/yjz/syg_/lw/
1_279,NA,google scholar certified,https://scholar.google.com/citations?user=jSAkCrkAAAAJ&hl=en
1_28,NA,lab,https://hysz.nju.edu.cn/xpwang/27753/list.htm
1_281,NA,researchgate,https://www.researchgate.net/profile/Weiguo-Fang/publications
1_282,NA,personal website,https://person.zju.edu.cn/zhoulab#642351
1_283,NA,personal website,https://fcd.mcw.edu/?module=faculty&func=view&name=Pengyuan_Liu_PhD&id=4688
1_288,NA,publons,https://publons.com/researcher/1940455/zhenye-yang/publications/
1_289,NA,lab,https://www.xuelab.ustc.edu.cn/_upload/tpl/0a/c2/2754/template2754/publications/index.html
1_290,NA,lab,https://www.hanlab.cc/pub.php
1_291,NA,lab,http://zhanglab.ioz.ac.cn/
1_293,NA,lab,http://groups.english.kib.cas.cn/epb/wjq/
1_294,NA,researchgate,https://www.researchgate.net/profile/Shengying-Li-2/publications
1_298,NA,lab,http://www.cebsit.cas.cn/yjz/gy_/lw/
1_299,NA,researchgate,https://www.researchgate.net/profile/Jingyu-Lang/publications
1_3,NA,google scholar certified,https://scholar.google.com/citations?user=ZeXoRxkAAAAJ&hl=en
1_300,NA,google scholar certified,https://scholar.google.com/citations?hl=zh-CN&user=vQLdUP0AAAAJ&view_op=list_works&sortby=pubdate
1_303,NA,personal website,http://cab.cau.edu.cn/art/2020/5/7/art_27218_582.html
1_308,NA,google scholar certified,https://scholar.google.com/citations?hl=en&user=ZgUlmA0AAAAJ&view_op=list_works&sortby=pubdate
1_309,NA,researchgate,https://www.researchgate.net/profile/Ye-Li-61/publications
1_31,NA,google scholar certified,https://scholar.google.com/citations?user=KLwebZkAAAAJ&hl=zh-CN
1_312,NA,researchgate,https://www.researchgate.net/profile/Li-Min-Liu
1_313,NA,researchgate,https://www.researchgate.net/profile/Wei-Xu-107/publications
1_315,NA,google scholar certified,https://scholar.google.com/citations?user=L8KyUjkAAAAJ&hl=en
1_316,NA,google scholar certified,https://scholar.google.com/citations?user=_i3oVJ8AAAAJ&hl=en
1_319,NA,google scholar certified,https://scholar.google.fr/citations?hl=fr&user=WThJUakAAAAJ&view_op=list_works&sortby=pubdate
1_32,NA,google scholar certified,https://scholar.google.com/citations?hl=zh-CN&user=g-cdkgQAAAAJ&view_op=list_works&sortby=pubdate
1_320,NA,google scholar certified,https://scholar.google.ca/citations?user=Kn4HkjUAAAAJ&hl=en
1_321,NA,researchgate,https://www.researchgate.net/profile/Lijun-Song-2
1_322,NA,researchgate,https://www.researchgate.net/profile/Kai-Feng-29
1_324,NA,researchgate,https://www.researchgate.net/profile/Shuai-Wang-28
1_325,NA,ORCID,https://orcid.org/0000-0003-4167-4127
1_327,NA,google scholar certified,https://scholar.google.ca/citations?user=-Xt2r3DqP3AC&hl=en
1_328,NA,researchgate,https://www.researchgate.net/profile/Bin-Yang-47
1_329,NA,google scholar certified,https://scholar.google.com/citations?hl=zh-CN&user=0K0vXF4AAAAJ&view_op=list_works&sortby=pubdate
1_33,NA,lab,http://mof.bjut.edu.cn/yjcg/lwqk/2016115/14528203727939044_1.html
1_330,NA,google scholar certified,https://scholar.google.com/citations?hl=en&user=mVAP5B4AAAAJ&view_op=list_works&sortby=pubdate
1_331,NA,researchgate,https://www.researchgate.net/profile/Wenhui-Wang-10
1_332,NA,personal website,http://www3.eng.cam.ac.uk/research_db/publications/dl359
1_333,NA,researchgate,https://www.researchgate.net/profile/Xiaofeng-Zhao-6
1_334,NA,researchgate,https://www.researchgate.net/profile/Jian-Yang-2
1_336,NA,researchgate,https://www.researchgate.net/profile/Feng-Dai-3
1_337,NA,google scholar certified,https://scholar.google.com/citations?hl=zh-CN&user=85ZcLQgAAAAJ&view_op=list_works&sortby=pubdate
1_338,NA,personal website,https://faculty.sustech.edu.cn/?cat=4&tagid=huangmy&orderby=date&iscss=1&snapid=1&lang=en
1_339,NA,google scholar certified,https://scholar.google.com/citations?user=ES_QjVIAAAAJ&hl=zh-CN
1_340,NA,google scholar certified,https://scholar.google.com/citations?hl=zh-CN&user=GZWZKxAAAAAJ&view_op=list_works&sortby=pubdate
1_341,NA,personal website,https://scholars.uow.edu.au/display/shujun_zhang
1_343,NA,ORCID,https://orcid.org/0000-0002-6971-789X
1_344,NA,researchgate,https://www.researchgate.net/profile/Guoqing-Huang-2
1_345,NA,ORCID,https://orcid.org/0000-0002-9893-8296
1_350,NA,lab,http://staff.ustc.edu.cn/~zhuyanwu/publication.html
1_351,NA,lab,http://staff.ustc.edu.cn/~song2012/Publication/Publication.htm
1_356,NA,google scholar certified,https://scholar.google.com/citations?user=dKIsbPgAAAAJ&hl=en
1_36,NA,google scholar certified,https://scholar.google.com/citations?user=bjaPZcIAAAAJ&hl=zh-CN
1_361,NA,researchgate,https://www.researchgate.net/profile/Zaoyang-Guo
1_363,NA,lab,https://www.phy.pku.edu.cn/jhchen/
1_364,NA,google scholar certified,https://scholar.google.com.hk/citations?hl=en&user=O-OJ_v8AAAAJ&view_op=list_works&sortby=pubdate
1_365,NA,google scholar certified,https://scholar.google.com/citations?user=PTULG-sAAAAJ&hl=zh-CN
1_366,NA,google scholar certified,https://scholar.google.com/citations?hl=en&user=n_p3LFoAAAAJ&view_op=list_works&sortby=pubdate
1_367,NA,google scholar certified,https://scholar.google.com/citations?user=aU3Ag4MAAAAJ
1_374,NA,personal website,https://www.csit.carleton.ca/~fyu/journals.html
1_375,NA,lab,https://www.nanocarbon-hust.cn/page177
1_376,NA,ORCID,https://orcid.org/0000-0003-2566-0948
1_38,NA,ORCID,https://orcid.org/0000-0002-2877-8282
1_380,NA,personal website,http://www.bitamt.cn/english/teacher/zhoutf/zhoutf.html
1_381,NA,researchgate,https://www.researchgate.net/profile/Yang-Liu-155
1_385,NA,google scholar certified,https://scholar.google.com/citations?user=KJ0ZW4UAAAAJ&hl=zh-CN
1_386,NA,google scholar certified,https://scholar.google.com/citations?hl=en&user=VvMglNIAAAAJ&view_op=list_works&sortby=pubdate
1_387,NA,google scholar certified,https://scholar.google.com/citations?hl=zh-CN&user=UujBSngAAAAJ&view_op=list_works&sortby=pubdate
1_388,NA,researchgate,https://www.researchgate.net/profile/Lei-Bi-2
1_389,NA,researchgate,https://www.researchgate.net/profile/Ye-Zhirui
1_390,NA,personal website,https://einstein.pure.elsevier.com/en/persons/yinghao-wu/publications/
1_392,NA,publons certified,https://publons.com/researcher/2879199/yajun-wang/
1_393,NA,google scholar certified,https://scholar.google.com/citations?hl=en&user=i-N1K9oAAAAJ&view_op=list_works&sortby=pubdate
1_394,NA,lab,http://www.comfortablenergy.net/?page_id=7609
1_396,NA,researchgate,https://www.researchgate.net/profile/Binglian-Zheng
1_397,NA,researchgate,https://www.researchgate.net/profile/Lei-Xue-11
1_398,NA,researchgate,https://www.researchgate.net/profile/Ting-Ni-3
1_4,NA,personal website,https://web.math.princeton.edu/~chenyang/publicationcho.html
1_40,NA,google scholar certified,https://scholar.google.com/citations?hl=en&user=ctqfbIEAAAAJ&view_op=list_works&sortby=pubdate
1_400,NA,google scholar certified,https://scholar.google.com/citations?user=oY2EYnUAAAAJ&hl=zh-CN
1_401,NA,google scholar certified,https://scholar.google.com/citations?hl=zh-CN&user=crN4JNUAAAAJ&view_op=list_works&sortby=pubdate
1_402,NA,personal website,https://math.tongji.edu.cn/mathen/62/c4/c15660a156356/page.htm
1_403,NA,google scholar certified,https://scholar.google.com/citations?hl=zh-CN&user=lOhAdlAAAAAJ&view_op=list_works&sortby=pubdate
1_404,NA,personal website,https://mentis.uta.edu/explore/profile/yonghe-liu
1_41,NA,researchgate,https://www.researchgate.net/profile/Xingguo-Liang/publications
1_410,NA,google scholar certified,https://scholar.google.co.jp/citations?hl=en&user=1a5dOqQAAAAJ&view_op=list_works&sortby=pubdate
1_412,NA,google scholar certified,https://scholar.google.ca/citations?hl=en&user=2AGRQ5kAAAAJ&view_op=list_works&sortby=pubdate
1_414,NA,researchgate,https://www.researchgate.net/profile/Li-Liang-41
1_415,NA,personal website,https://faculty.sustech.edu.cn/?cat=4&tagid=liangyy&orderby=date&iscss=1&snapid=1&lang=en
1_418,NA,google scholar certified,https://scholar.google.com/citations?hl=zh-CN&user=sNve2YAAAAAJ&view_op=list_works&sortby=pubdate
1_42,NA,researchgate,https://www.researchgate.net/profile/Decheng-Wu/publications
1_420,NA,google scholar certified,https://scholar.google.com/citations?user=AyWKyZ4AAAAJ&hl=en
1_421,NA,google scholar certified,https://scholar.google.com/citations?hl=en&user=7jfyfvgAAAAJ&view_op=list_works&sortby=pubdate
1_422,NA,personal website,https://ui.adsabs.harvard.edu/public-libraries/65EoIF5FQiqnBlYx9WFp4A
1_424,NA,researchgate,https://www.researchgate.net/profile/Haibo-Ge-2/publications
1_425,NA,google scholar certified,https://scholar.google.com/citations?hl=zh-CN&user=_GGm1b0AAAAJ&view_op=list_works&sortby=pubdate
1_425,NA,google scholar certified,https://scholar.google.com/citations?hl=zh-CN&user=_GGm1b0AAAAJ&view_op=list_works&sortby=pubdate
1_426,NA,google scholar certified,google scholar+
1_426,NA,google scholar certified,https://scholar.google.com/citations?hl=en&user=xDyzHgUAAAAJ&view_op=list_works&sortby=pubdate
1_427,NA,google scholar certified,https://scholar.google.com/citations?user=0JRtCV4AAAAJ&hl=zh-CN
1_428,NA,personal website,https://jianglab.nju.edu.cn//fzlm/publicationall/index.html
1_430,NA,lab,http://weilab.nju.edu.cn
1_434,NA,researchgate,https://www.researchgate.net/profile/Liying-Jiao-3/publications
1_437,NA,google scholar certified,https://scholar.google.com/citations?hl=zh-CN&user=xxckIDQAAAAJ&view_op=list_works&sortby=pubdate
1_439,NA,lab,http://zml.mat.hust.edu.cn/kycg/qk1/a2003.htm
1_44,NA,researchgate,https://www.researchgate.net/profile/Bing-Shen-2/publications
1_440,NA,lab,https://www.labxing.com/lab/813/publications?page=1
1_443,NA,researchgate,https://www.researchgate.net/profile/Feng-Qian-12
1_444,NA,google scholar certified,https://scholar.google.com/citations?user=JcWwEqEAAAAJ&hl=en
1_445,NA,researchgate,https://www.researchgate.net/profile/Min-Chen-113/publications
1_448,NA,google scholar certified,https://scholar.google.com/citations?hl=en&user=_dVfuLgAAAAJ&view_op=list_works&sortby=pubdate
1_449,NA,researchgate,https://www.researchgate.net/profile/Jun-Zhang-343/publications
1_45,NA,google scholar certified,https://scholar.google.com/citations?user=jYvcbawAAAAJ&hl=zh-CN
1_450,NA,lab,"https://inspirehep.net/literature?q=find%20a%20yang,h%20and%20aff%20michigan%20u."
1_451,NA,personal website,https://ins.sjtu.edu.cn/people/lzhang/research.html
1_452,NA,lab,https://yapingd.sjtu.edu.cn/page/view/journals
1_453,NA,google scholar certified,https://scholar.google.com/citations?user=IogF4qIAAAAJ&hl=zh-CN
1_454,NA,researchgate,https://www.researchgate.net/profile/Miao-Zhu-3/publications
1_455,NA,ORCID,https://orcid.org/0000-0003-2147-3352
1_457,NA,google scholar certified,https://scholar.google.com/citations?hl=en&user=4mAl0y4AAAAJ&view_op=list_works&sortby=pubdate
1_459,NA,ORCID,https://orcid.org/0000-0002-4753-4769
1_46,NA,google scholar certified,https://scholar.google.com/citations?hl=zh-CN&user=1iWta5AAAAAJ&view_op=list_works&sortby=pubdate
1_460,NA,personal website,http://web.suda.edu.cn/xfli_en/
1_461,NA,google scholar certified,https://scholar.google.com/citations?hl=en&user=QDmn9EQAAAAJ&view_op=list_works&sortby=pubdate
1_462,NA,google scholar certified,https://scholar.google.com/citations?user=1Qp8i2oAAAAJ&hl=zh-CN
1_463,NA,publons certified,https://publons.com/researcher/2788366/yanzhong-pei/publications/
1_465,NA,google scholar certified,https://scholar.google.com/citations?hl=zh-CN&user=ZRDxvhgAAAAJ&view_op=list_works&sortby=pubdate
1_466,NA,personal website,https://www.swansea.ac.uk/staff/engineering/li-l/#academic-history=is-expanded&journal-articles=is-expanded&publications=is-expanded&supervision=is-expanded&teaching=is-expanded
1_467,NA,publons,https://publons.com/researcher/1714721/yongquan-qu/publications/
1_468,NA,google scholar certified,https://scholar.google.co.uk/citations?hl=en&user=pLokQmoAAAAJ&view_op=list_works&sortby=pubdate
1_47,NA,google scholar certified,https://scholar.google.com/citations?hl=zh-CN&user=_r04qRUAAAAJ&view_op=list_works&sortby=pubdate
1_470,NA,google scholar certified,https://scholar.google.com/citations?hl=en&user=C__DNg8AAAAJ&view_op=list_works&sortby=pubdate
1_472,NA,google scholar certified,https://scholar.google.com.hk/citations?hl=zh-CN&user=yN_OPicAAAAJ&view_op=list_works&sortby=pubdate
1_474,NA,google scholar certified,https://scholar.google.com/citations?hl=zh-CN&user=WBrsr0kAAAAJ&view_op=list_works&sortby=pubdate
1_476,NA,google scholar certified,https://scholar.google.com/citations?user=TwA1iewAAAAJ&hl=zh-CN
1_477,NA,personal website,https://person.zju.edu.cn/en/xiejin#773022
1_478,NA,google scholar certified,https://scholar.google.com/citations?hl=en&user=_zEcdeYAAAAJ&view_op=list_works&sortby=pubdate
1_479,NA,researchgate,https://www.researchgate.net/profile/Feng-Li-139
1_48,NA,lab,http://yaolab.ustc.edu.cn/publication.php
1_480,NA,personal website,https://quantum.ustc.edu.cn/web/index.php/en/node/79
1_481,NA,CV,https://inspirehep.net/literature?sort=mostrecent&size=25&page=1&q=find%20a%20min-xin%20huang
1_482,NA,google scholar certified,https://scholar.google.com/citations?user=fzw8KgYAAAAJ&hl=en
1_483,NA,personal website,http://people.ucas.edu.cn/~0035133
1_484,NA,personal website,http://staff.ustc.edu.cn/~msheng/publications/
1_485,NA,personal website,http://bs.ustc.edu.cn/Chinese/profile-cg-79.html
1_486,NA,lab,http://catalysis.ustc.edu.cn/peer-reviewd-articles/
1_487,NA,lab,http://staff.ustc.edu.cn/~changle/1-4-1.html
1_488,NA,lab,http://staff.ustc.edu.cn/~junling/members.html
1_489,NA,google scholar certified,https://scholar.google.com/citations?hl=zh-CN&user=mM6zRxUAAAAJ&view_op=list_works&sortby=pubdate
1_490,NA,google scholar certified,https://scholar.google.com/citations?user=mJYRSMcAAAAJ&hl=zh-CN
1_491,NA,google scholar certified,https://scholar.google.com/citations?hl=zh-CN&user=v7mclSoAAAAJ&view_op=list_works&sortby=pubdate
1_492,NA,lab,http://sysbio.gzzoc.com/publications.html
1_497,NA,lab,https://lujianlab.org/publications.html
1_498,NA,researchgate,https://www.researchgate.net/profile/Jun-Liu-81
1_5,NA,google scholar certified,https://scholar.google.com/citations?hl=zh-CN&user=A3tMTocAAAAJ&view_op=list_works&sortby=pubdate
1_50,NA,ORCID,https://orcid.org/0000-0002-4905-3432
1_501,NA,researchgate,https://www.researchgate.net/profile/Tongbiao-Zhao
1_502,NA,publons,https://publons.com/researcher/1333807/zhen-zou/
1_503,NA,google scholar certified,https://scholar.google.ca/citations?hl=en&user=phnrW8YAAAAJ&view_op=list_works&sortby=pubdate
1_504,NA,google scholar certified,https://scholar.google.com/citations?hl=en&user=RolLDesAAAAJ&view_op=list_works&sortby=pubdate
1_506,NA,researchgate,https://www.researchgate.net/profile/Lijun-Gou/publications
1_508,NA,lab,http://iip.iccas.ac.cn/web/27698/2017-2019
1_508,NA,google scholar certified,https://scholar.google.com/citations?hl=en&user=7DCyPTQAAAAJ&view_op=list_works&sortby=pubdate
1_509,NA,lab,https://personal.ntu.edu.sg/boan/publications.html
1_51,NA,lab,http://staff.ustc.edu.cn/~huangwei6/
1_511,NA,personal website,http://people.ucas.ac.cn/~0021766
1_512,NA,ORCID,https://orcid.org/0000-0002-7257-1916
1_513,NA,google scholar certified,https://scholar.google.com/citations?user=Z5lgL-IAAAAJ&hl=zh-CN
1_514,NA,ORCID,https://orcid.org/0000-0002-8814-7378
1_516,NA,google scholar certified,https://scholar.google.com/citations?hl=en&user=-K7fQSoAAAAJ&view_op=list_works&sortby=pubdate
1_517,NA,personal website,http://people.ucas.ac.cn/~0021259
1_52,NA,google scholar certified,https://scholar.google.com/citations?hl=en&user=-t2ScN4AAAAJ&view_op=list_works&sortby=pubdate
1_520,NA,ORCID,https://orcid.org/0000-0001-6432-1848
1_521,NA,researchgate,https://www.researchgate.net/profile/Chao-Liang-6/publications
1_522,NA,personal website,http://www.iitu.tsinghua.edu.cn/show/faculty/225.html
1_523,NA,researchgate,https://www.researchgate.net/profile/Zheng-Zhou-72
1_525,NA,researchgate,https://www.researchgate.net/profile/Xiaochun-Zhou-2/publications
1_527,NA,google scholar certified,https://scholar.google.com/citations?hl=zh-CN&user=x-Hn5WYAAAAJ&view_op=list_works&sortby=pubdate
1_528,NA,researchgate,https://www.researchgate.net/profile/Yw-Long/publications
1_529,NA,lab,http://nanomater.iphy.ac.cn/A05/liu_Pub.html
1_53,NA,lab,http://metalisotopes.ustc.edu.cn/research/publication.html
1_530,NA,ORCID,https://orcid.org/0000-0002-4888-0532
1_531,NA,google scholar certified,https://scholar.google.com/citations?hl=en&user=qsol3xgAAAAJ&view_op=list_works&sortby=pubdate
1_535,NA,researchgate,https://www.researchgate.net/profile/Dingyong-Zhong/publications
1_536,NA,google scholar certified,https://scholar.google.com/citations?hl=en&user=dx9QkVYAAAAJ&view_op=list_works&sortby=pubdate
1_539,NA,lab,https://www.chem.pku.edu.cn/proteomics/publications/index.htm
1_54,NA,google scholar certified,https://scholar.google.com/citations?hl=en&user=uI86wpUAAAAJ&view_op=list_works&sortby=pubdate
1_541,NA,google scholar not certified,https://scholar.google.com/citations?hl=en&user=klgnHdYAAAAJ&view_op=list_works&sortby=pubdate
1_545,NA,google scholar certified,https://scholar.google.com/citations?hl=zh-CN&user=mFi8UqoAAAAJ&view_op=list_works&sortby=pubdate
1_546,NA,researchgate,https://www.researchgate.net/profile/Huichao-Song
1_549,NA,google scholar certified,https://scholar.google.com/citations?user=GnU8mlsAAAAJ&hl=zh-CN
1_55,NA,personal website,https://mypage.zju.edu.cn/en/longcao#649774
1_550,NA,researchgate,https://www.researchgate.net/profile/Yonghui-Zhang-14/publications
1_551,NA,personal website,https://pubmed.ncbi.nlm.nih.gov/?term=%28Jia%2C%20Yichang[Author]%29%20OR%20yi-chang%20jia[Author]
1_552,NA,google scholar certified,https://scholar.google.com/citations?user=X8xxO-kAAAAJ&hl=zh-CN
1_553,NA,personal website,https://pubmed.ncbi.nlm.nih.gov/?term=(Liu%2C+Wanli%5BAuthor%5D+AND+Tsinghua%5BAffiliation%5D)+OR+(Liu%2C+Wanli%5BAuthor%5D+AND+Pierce%2C+Susan+%5BAuthor%5D+AND+Rockville%5BAffiliation%5D)
1_554,NA,google scholar certified,https://scholar.google.com/citations?user=X0nl4FYAAAAJ&hl=en
1_557,NA,personal website,https://cse.hkust.edu.hk/~yike/research.htm
1_558,NA,lab,https://people.iiis.tsinghua.edu.cn/~huang/
1_559,NA,lab,http://people.iiis.tsinghua.edu.cn/~weixu/
1_560,NA,google scholar certified,https://scholar.google.com/citations?hl=zh-CN&user=rJqXyTEAAAAJ&view_op=list_works&sortby=pubdate
1_561,NA,researchgate,https://www.researchgate.net/profile/Yanpeng-Cai-3/publications
1_564,NA,google scholar certified,https://scholar.google.com/citations?user=iFoz4kQAAAAJ&hl=zh-CN
1_567,NA,researchgate,https://www.researchgate.net/profile/Zhongwei-Lin-3/publications
1_568,NA,researchgate,https://www.researchgate.net/profile/Shengchang-Xiang/publications
1_569,NA,personal website,https://teachers.jlu.edu.cn/YuetaoZhang/zh_CN/lwcg/14466/list/5.htm
1_57,NA,google scholar certified,https://scholar.google.com/citations?user=7zupzg0AAAAJ&hl=zh-CN
1_570,NA,google scholar certified,https://scholar.google.com/citations?user=iwIpLdAAAAAJ&hl=zh-CN
1_573,NA,personal website,https://dblp.org/pid/18/434.html
1_574,NA,google scholar certified,https://scholar.google.com/citations?hl=zh-CN&user=1_rbLwQAAAAJ&view_op=list_works&sortby=pubdate
1_575,NA,google scholar certified,https://scholar.google.com/citations?user=byeygOkAAAAJ&hl=zh-CN
1_576,NA,google scholar certified,https://scholar.google.com/citations?hl=zh-CN&user=38xkBgYAAAAJ&view_op=list_works&sortby=pubdate
1_577,NA,personal website,http://hgxy.cqu.edu.cn/szll/wy.htm
1_578,NA,lab,https://www.faculty.ece.vt.edu/zeng/publications.html
1_579,NA,google scholar certified,https://scholar.google.com/citations?hl=zh-CN&user=dHCnn0oAAAAJ&view_op=list_works&sortby=pubdate
1_58,NA,personal website,https://person.zju.edu.cn/liuliu#939692
1_580,NA,google scholar certified,https://scholar.google.com/citations?user=db-QlVcAAAAJ&hl=zh-CN
1_581,NA,personal website,http://faculty.hust.edu.cn/wang_yan/zh_CN/lwcg/1166303/list/7.htm
1_582,NA,google scholar certified,https://scholar.google.com/citations?hl=zh-CN&user=wn8_Lr0AAAAJ&view_op=list_works&sortby=pubdate
1_583,NA,personal website,https://mgv.pku.edu.cn/english/people/lbd/ls/220185.htm
1_584,NA,researchgate,https://www.researchgate.net/profile/Cong-Yu-16/publications
1_585,NA,google scholar certified,https://scholar.google.com/citations?hl=en&user=UCKMEToAAAAJ&view_op=list_works&sortby=pubdate
1_586,NA,google scholar certified,https://scholar.google.com/citations?user=s9n7-fQAAAAJ&hl=zh-CN
1_587,NA,publons,https://publons.com/researcher/1520854/ling-zhao/publications/
1_588,NA,personal website,https://inspirehep.net/authors/1273355
1_589,NA,researchgate,https://www.researchgate.net/profile/Fu-Yun-Zhao
1_59,NA,google scholar certified,https://scholar.google.com/citations?hl=en&user=c4lfArMAAAAJ&view_op=list_works&sortby=pubdate
1_590,NA,researchgate,https://www.researchgate.net/profile/Hui-Li-34/publications
1_591,NA,lab,http://hdeng.whu.edu.cn/publication_list.html
1_592,NA,google scholar certified,https://scholar.google.com/citations?hl=en&user=fmy3fcMAAAAJ&view_op=list_works&sortby=pubdate
1_593,NA,lab,http://202.114.78.174/yangyi/Untitled-pub.html
1_594,NA,lab,http://nisplab.whu.edu.cn/publications.html
1_595,NA,lab,http://www.taowanggroup.com/col.jsp?id=101
1_596,NA,google scholar certified,http://www.cs.nott.ac.uk//~pszrq/publications.htm
1_598,NA,publons,https://publons.com/researcher/2822878/xiongwen-zhang/publications/
1_6,NA,google scholar certified,https://scholar.google.com/citations?hl=en&user=ThVEHAUAAAAJ&view_op=list_works&sortby=pubdate
1_602,NA,lab,https://ese.nju.edu.cn/photonics/22439/list.htm
1_606,NA,ORCID,https://orcid.org/0000-0001-6172-9100
1_607,NA,lab,https://qpl.nju.edu.cn/publications.html
1_608,NA,researchgate certified,https://www.researchgate.net/profile/Weihua-Zhang-8/research
1_61,NA,google scholar certified,https://scholar.google.com/citations?user=d4PrShQAAAAJ&hl=zh-CN
1_612,NA,google scholar certified,https://scholar.google.com/citations?user=ikIqCbcAAAAJ&hl=zh-CN
1_613,NA,researchgate,https://www.researchgate.net/profile/Guang-Lu-3/publications
1_615,NA,google scholar certified,https://scholar.google.com/citations?user=KdA9qBkAAAAJ&hl=zh-CN
1_617,NA,google scholar certified,https://scholar.google.com/citations?user=JtmcPmsAAAAJ&hl=zh-CN
1_619,NA,lab,http://homepage.fudan.edu.cn/sunning/%e8%af%be%e9%a2%98%e7%bb%84%e6%88%90%e5%91%98/
1_62,NA,google scholar certified,https://scholar.google.com/citations?user=c5yUtPsAAAAJ&hl=en
1_62,NA,google scholar certified,https://scholar.google.com/citations?hl=en&user=c5yUtPsAAAAJ&view_op=list_works&sortby=pubdate
1_621,NA,google scholar not certified,https://scholar.google.com/citations?hl=en&user=vy0XsJoAAAAJ&view_op=list_works&sortby=pubdate
1_622,NA,google scholar certified,https://scholar.google.com/citations?user=LQ3KKYQAAAAJ&hl=zh-CN
1_624,NA,lab,https://centers.njit.edu/nhblab/publications/
1_625,NA,google scholar certified,https://scholar.google.com/citations?user=f9WWQA4AAAAJ&hl=en
1_626,NA,publons certified,https://publons.com/researcher/1640991/yixin-zhao/publications/
1_631,NA,google scholar certified,https://scholar.google.com/citations?user=_XtB4mMAAAAJ&hl=zh-CN
1_633,NA,google scholar certified,https://scholar.google.com/citations?hl=en&user=WO-nJvIAAAAJ&view_op=list_works&sortby=pubdate
1_634,NA,google scholar certified,https://scholar.google.com/citations?user=APssqUMAAAAJ&hl=en
1_635,NA,google scholar certified,https://scholar.google.com.au/citations?hl=en&user=SU1Km1EAAAAJ&view_op=list_works&sortby=pubdate
1_636,NA,lab,https://medgroup.tongji.edu.cn/Paper.aspx?id=360
1_637,NA,lab,https://www.x-mol.com/groups/xiehexin/publications
1_638,NA,researchgate,https://www.researchgate.net/profile/Haibin-Wu-2
1_639,NA,researchgate,https://www.researchgate.net/profile/Haijiang-Liu
1_64,NA,publons certified,https://publons.com/researcher/1933600/hongyu-yu/
1_640,NA,google scholar certified,https://scholar.google.com.sg/citations?user=TbRElqYAAAAJ&hl=en
1_641,NA,publons certified,https://person.zju.edu.cn/en/lu#774165
1_643,NA,researchgate,https://www.researchgate.net/profile/Yang-Liu-761/publications
1_649,NA,lab,http://ce.sysu.edu.cn/zhaolab/publications/publications.htm
1_65,NA,google scholar certified,https://scholar.google.com/citations?hl=zh-CN&user=qkIp7AEAAAAJ&view_op=list_works&sortby=pubdate
1_652,NA,google scholar certified,https://scholar.google.com/citations?hl=zh-CN&user=soOeek8AAAAJ&view_op=list_works&sortby=pubdate
1_653,NA,lab,https://www.x-mol.com/groups/tan_bin/publications
1_66,NA,google scholar certified,https://scholar.google.com/citations?hl=zh-CN&user=P9h9yFIAAAAJ&view_op=list_works&sortby=pubdate
1_661,NA,lab,http://staff.ustc.edu.cn/~hxu/wenzhang.html
1_662,NA,publons,https://publons.com/researcher/2704593/guangming-huang/publications/
1_663,NA,google scholar certified,https://scholar.google.com/citations?user=0eQKUOkAAAAJ&hl=zh-CN
1_664,NA,researchgate,https://www.researchgate.net/profile/Xin-Tao-16
1_668,NA,researchgate,https://www.researchgate.net/profile/Zuoqin-Wang/publications
1_670,NA,lab,http://quantum.ustc.edu.cn/web/index.php/publications
1_672,NA,google scholar certified,https://scholar.google.com/citations?hl=en&user=zAW4W0cAAAAJ&view_op=list_works&sortby=pubdate
1_673,NA,google scholar certified,https://scholar.google.com/citations?hl=zh-CN&user=5orbNSkAAAAJ&view_op=list_works&sortby=pubdate
1_675,NA,google scholar certified,https://scholar.google.ca/citations?hl=en&user=Qb27nVYAAAAJ&view_op=list_works&sortby=pubdate
1_680,NA,google scholar certified,https://scholar.google.co.uk/citations?hl=zh-CN&user=82R8jFQAAAAJ&view_op=list_works&sortby=pubdate
1_681,NA,ORCID,https://orcid.org/0000-0002-4338-314X
1_683,NA,ORCID,https://orcid.org/0000-0002-9240-156X
1_685,NA,ORCID,https://orcid.org/0000-0002-9937-2351
1_686,NA,lab,http://www.yan-assembly.org/col.jsp?id=104
1_688,NA,lab,http://qsliulab.hmfl.cas.cn/publications/
1_689,NA,google scholar certified,https://scholar.google.com/citations?user=wkU_T1MAAAAJ&hl=en
1_691,NA,lab,http://mcat.qibebt.ac.cn/yjcg1.htm
1_693,NA,lab,http://sippe.ac.cn/ylxiao/subpage/publication.htm
1_695,NA,lab,http://www.cebsit.cas.cn/yjz/xxh_/lw/
1_696,NA,google scholar certified,https://scholar.google.com/citations?hl=en&user=DVx6q8gAAAAJ&view_op=list_works&sortby=pubdate
1_697,NA,researchgate,https://www.researchgate.net/profile/Weiqiang-Qian/publications
1_698,NA,lab,http://panlf.sioc.ac.cn/Publication.html#2019
1_7,NA,personal website,http://homepage.hit.edu.cn/miaoyu
1_700,NA,google scholar certified,https://scholar.google.com/citations?user=xLV9hu4AAAAJ&hl=en
1_701,NA,google scholar certified,https://scholar.google.com/citations?user=xM0cgQgAAAAJ&hl=en
1_703,NA,publons,https://publons.com/researcher/1372400/jinguang-cheng/publications/
1_704,NA,lab,http://combi-film.iphy.ac.cn/%E6%96%87%E7%AB%A0%E5%8F%91%E8%A1%A8.html
1_705,NA,google scholar certified,https://scholar.google.com/citations?hl=zh-CN&user=LPocGIIAAAAJ&view_op=list_works&sortby=pubdate
1_709,NA,google scholar certified,https://scholar.google.com/citations?hl=en&user=AaCvn7oAAAAJ&view_op=list_works&sortby=pubdate
1_71,NA,google scholar certified,https://scholar.google.ca/citations?hl=en&user=Y-chqNAAAAAJ&view_op=list_works&sortby=pubdate
1_710,NA,google scholar certified,https://scholar.google.com/citations?hl=en&user=aJ7Wf3UAAAAJ&view_op=list_works&sortby=pubdate
1_711,NA,google scholar certified,https://scholar.google.com/citations?hl=en&user=f1hqIUcAAAAJ&view_op=list_works&sortby=pubdate
1_712,NA,lab,http://www.iaclab.cn/achievement/
1_714,NA,researchgate,https://www.researchgate.net/profile/Pinghua-Li/publications
1_718,NA,google scholar certified,https://scholar.google.com/citations?hl=zh-CN&user=P865mgYAAAAJ&view_op=list_works&sortby=pubdate
1_72,NA,google scholar certified,https://scholar.google.com/citations?hl=zh-CN&user=DRCdhcwAAAAJ&view_op=list_works&sortby=pubdate
1_73,NA,google scholar certified,https://scholar.google.com/citations?hl=en&user=XFgTwCoAAAAJ&view_op=list_works&sortby=pubdate
1_74,NA,personal website,http://www.it.fudan.edu.cn/En/Data/View/1786
1_75,NA,google scholar certified,https://scholar.google.com/citations?user=QMIfkZoAAAAJ&hl=zh-CN
1_76,NA,loop,https://loop.frontiersin.org/people/186815/publications
1_78,NA,lab,http://www.imelab.org/publication.html
1_8,NA,lab,http://faculty.pku.edu.cn/JianWangGroup/en/zdylm/25452/list/index.htm
1_80,NA,researchgate,https://www.researchgate.net/profile/Xudong-Cui/publications
1_81,NA,google scholar certified,https://scholar.google.com/citations?hl=zh-CN&user=dCjNv3AAAAAJ&view_op=list_works&sortby=pubdate
1_82,NA,publons certified,https://publons.com/researcher/1609623/haifeng-yu/
1_83,NA,researchgate,https://www.researchgate.net/profile/Lu-Xing
1_84,NA,ORCID,https://orcid.org/0000-0002-2025-2171
1_89,NA,google scholar certified,https://scholar.google.com/citations?user=ZAsTHOYAAAAJ&hl=zh-CN
1_90,NA,google scholar certified,https://scholar.google.com/citations?hl=en&user=QJT6z5sAAAAJ&view_op=list_works&sortby=pubdate
1_91,NA,google scholar certified,https://scholar.google.com/citations?hl=zh-CN&user=GJAmWiIAAAAJ&view_op=list_works&sortby=pubdate
1_92,NA,google scholar certified,https://scholar.google.com/citations?user=5bVHr3EAAAAJ&hl=zh-CN
1_94,NA,personal website,https://research.monash.edu/en/persons/yu-bai/publications/
1_97,NA,google scholar certified,https://scholar.google.com/citations?hl=zh-CN&user=RjLyHRgAAAAJ&view_op=list_works&sortby=pubdate
1_99,NA,researchgate,https://www.researchgate.net/profile/Xuehong-Ren/publications
